{"cameraMode":{"drawMode":0,"name":"Shaded","section":"Shading Mode"},"sceneLighting":false,"audioPlay":false,"sceneViewState":{"showFog":true,"showMaterialUpdate":false,"showSkybox":false,"showFlares":true,"showImageEffects":true,"showParticleSystems":true},"in2DMode":false,"pivot":{"x":0.0,"y":0.4138592779636383,"z":-2.980232238769531e-7},"rotation":{"x":0.009999893605709076,"y":0.1866828203201294,"z":0.001961536007001996,"w":-0.9824283719062805},"size":0.7002724409103394,"orthographic":false}