{"cameraMode":{"drawMode":0,"name":"Shaded","section":"Shading Mode"},"sceneLighting":false,"audioPlay":false,"sceneViewState":{"showFog":true,"showMaterialUpdate":false,"showSkybox":false,"showFlares":true,"showImageEffects":true,"showParticleSystems":true},"in2DMode":false,"pivot":{"x":-0.08110862970352173,"y":1.0119049549102784,"z":-0.03932046890258789},"rotation":{"x":-0.023176327347755433,"y":0.9636342525482178,"z":-0.08870814740657807,"w":-0.2512032985687256},"size":1.130744457244873,"orthographic":false}