{"cameraMode":{"drawMode":0,"name":"Shaded","section":"Shading Mode"},"sceneLighting":false,"audioPlay":false,"sceneViewState":{"showFog":true,"showMaterialUpdate":false,"showSkybox":false,"showFlares":true,"showImageEffects":true,"showParticleSystems":true},"in2DMode":false,"pivot":{"x":-0.10777556896209717,"y":0.9272171258926392,"z":-0.0019638538360595705},"rotation":{"x":-0.05827174335718155,"y":0.917346179485321,"z":-0.14596068859100343,"w":-0.36587271094322207},"size":1.4197895526885987,"orthographic":false}