{"cameraMode":{"drawMode":0,"name":"Shaded","section":"Shading Mode"},"sceneLighting":false,"audioPlay":false,"sceneViewState":{"showFog":true,"showMaterialUpdate":false,"showSkybox":false,"showFlares":true,"showImageEffects":true,"showParticleSystems":true},"in2DMode":false,"pivot":{"x":-0.141257643699646,"y":1.1011215448379517,"z":0.37221360206604006},"rotation":{"x":0.08188004046678543,"y":-0.661037266254425,"z":0.07284670323133469,"w":0.7423697710037231},"size":1.7348155975341797,"orthographic":false}