{"cameraMode":{"drawMode":0,"name":"Shaded","section":"Shading Mode"},"sceneLighting":false,"audioPlay":false,"sceneViewState":{"showFog":true,"showMaterialUpdate":false,"showSkybox":false,"showFlares":true,"showImageEffects":true,"showParticleSystems":true},"in2DMode":false,"pivot":{"x":-0.027774885296821595,"y":0.802920937538147,"z":-0.23411846160888673},"rotation":{"x":-0.008152290247380734,"y":0.9889162182807922,"z":-0.13614295423030854,"w":-0.05910447612404823},"size":1.1282877922058106,"orthographic":false}