{"cameraMode":{"drawMode":0,"name":"Shaded","section":"Shading Mode"},"sceneLighting":false,"audioPlay":false,"sceneViewState":{"showFog":true,"showMaterialUpdate":false,"showSkybox":false,"showFlares":true,"showImageEffects":true,"showParticleSystems":true},"in2DMode":false,"pivot":{"x":0.0,"y":-0.022675350308418275,"z":0.26643192768096926},"rotation":{"x":-0.06307922303676605,"y":0.6749963760375977,"z":-0.05802792310714722,"w":-0.7329088449478149},"size":0.560049295425415,"orthographic":false}